{
 "coffe":{
   "type": "flex",
   "altText": "Coffe dikirim",
   "contents": 
  {
  "type": "bubble",
  "hero": {
    "type": "image",
    "url": "https://scdn.line-apps.com/n/channel_devcenter/img/fx/01_1_cafe.png",
    "size": "full",
    "aspectRatio": "20:13",
    "aspectMode": "cover",
    "action": {
      "type": "uri",
      "uri": "http://linecorp.com/"
    }
  },
  "body": {
    "type": "box",
    "layout": "vertical",
    "contents": [
      {
        "type": "text",
        "text": "Brown Cafe",
        "weight": "bold",
        "size": "xl"
      },
      {
        "type": "box",
        "layout": "baseline",
        "margin": "md",
        "contents": [
          {
            "type": "icon",
            "size": "sm",
            "url": "https://scdn.line-apps.com/n/channel_devcenter/img/fx/review_gold_star_28.png"
          },
          {
            "type": "icon",
            "size": "sm",
            "url": "https://scdn.line-apps.com/n/channel_devcenter/img/fx/review_gold_star_28.png"
          },
          {
            "type": "icon",
            "size": "sm",
            "url": "https://scdn.line-apps.com/n/channel_devcenter/img/fx/review_gold_star_28.png"
          },
          {
            "type": "icon",
            "size": "sm",
            "url": "https://scdn.line-apps.com/n/channel_devcenter/img/fx/review_gold_star_28.png"
          },
          {
            "type": "icon",
            "size": "sm",
            "url": "https://scdn.line-apps.com/n/channel_devcenter/img/fx/review_gray_star_28.png"
          },
          {
            "type": "text",
            "text": "4.0",
            "size": "sm",
            "color": "#999999",
            "margin": "md",
            "flex": 0
          }
        ]
      },
      {
        "type": "box",
        "layout": "vertical",
        "margin": "lg",
        "spacing": "sm",
        "contents": [
          {
            "type": "box",
            "layout": "baseline",
            "spacing": "sm",
            "contents": [
              {
                "type": "text",
                "text": "Place",
                "color": "#aaaaaa",
                "size": "sm",
                "flex": 1
              },
              {
                "type": "text",
                "text": "Miraina Tower, 4-1-6 Shinjuku, Tokyo",
                "wrap": true,
                "color": "#666666",
                "size": "sm",
                "flex": 5
              }
            ]
          },
          {
            "type": "box",
            "layout": "baseline",
            "spacing": "sm",
            "contents": [
              {
                "type": "text",
                "text": "Time",
                "color": "#aaaaaa",
                "size": "sm",
                "flex": 1
              },
              {
                "type": "text",
                "text": "10:00 - 23:00",
                "wrap": true,
                "color": "#666666",
                "size": "sm",
                "flex": 5
              }
            ]
          }
        ]
      }
    ]
  },
  "footer": {
    "type": "box",
    "layout": "vertical",
    "spacing": "sm",
    "contents": [
      {
        "type": "button",
        "style": "link",
        "height": "sm",
        "action": {
          "type": "uri",
          "label": "CALL",
          "uri": "https://linecorp.com"
        }
      },
      {
        "type": "button",
        "style": "link",
        "height": "sm",
        "action": {
          "type": "uri",
          "label": "WEBSITE",
          "uri": "https://linecorp.com"
        }
      },
      {
        "type": "spacer",
        "size": "sm"
      }
    ],
    "flex": 0
   }
  }
 },
 "news":{
   "type": "flex",
   "altText": "Coffe dikirim",
   "contents":
 {
  "type": "bubble",
  "header": {
    "type": "box",
    "layout": "horizontal",
    "contents": [
      {
        "type": "text",
        "text": "NEWS DIGEST",
        "weight": "bold",
        "color": "#aaaaaa",
        "size": "sm"
      }
    ]
  },
  "hero": {
    "type": "image",
    "url": "https://scdn.line-apps.com/n/channel_devcenter/img/fx/01_4_news.png",
    "size": "full",
    "aspectRatio": "20:13",
    "aspectMode": "cover",
    "action": {
      "type": "uri",
      "uri": "http://linecorp.com/"
    }
  },
  "body": {
    "type": "box",
    "layout": "horizontal",
    "spacing": "md",
    "contents": [
      {
        "type": "box",
        "layout": "vertical",
        "flex": 1,
        "contents": [
          {
            "type": "image",
            "url": "https://scdn.line-apps.com/n/channel_devcenter/img/fx/02_1_news_thumbnail_1.png",
            "aspectMode": "cover",
            "aspectRatio": "4:3",
            "size": "sm",
            "gravity": "bottom"
          },
          {
            "type": "image",
            "url": "https://scdn.line-apps.com/n/channel_devcenter/img/fx/02_1_news_thumbnail_2.png",
            "aspectMode": "cover",
            "aspectRatio": "4:3",
            "margin": "md",
            "size": "sm"
          }
        ]
      },
      {
        "type": "box",
        "layout": "vertical",
        "flex": 2,
        "contents": [
          {
            "type": "text",
            "text": "7 Things to Know for Today",
            "gravity": "top",
            "size": "xs",
            "flex": 1
          },
          {
            "type": "separator"
          },
          {
            "type": "text",
            "text": "Hay fever goes wild",
            "gravity": "center",
            "size": "xs",
            "flex": 2
          },
          {
            "type": "separator"
          },
          {
            "type": "text",
            "text": "LINE Pay Begins Barcode Payment Service",
            "gravity": "center",
            "size": "xs",
            "flex": 2
          },
          {
            "type": "separator"
          },
          {
            "type": "text",
            "text": "LINE Adds LINE Wallet",
            "gravity": "bottom",
            "size": "xs",
            "flex": 1
          }
        ]
      }
    ]
  },
  "footer": {
    "type": "box",
    "layout": "horizontal",
    "contents": [
      {
        "type": "button",
        "action": {
          "type": "uri",
          "label": "More",
          "uri": "https://linecorp.com"
          }
        }
      ]
     }
   }
 },
 "receipt":{
   "type": "flex",
   "altText": "Coffe dikirim",
   "contents":
 {
  "type": "bubble",
  "styles": {
    "footer": {
      "separator": true
    }
  },
  "body": {
    "type": "box",
    "layout": "vertical",
    "contents": [
      {
        "type": "text",
        "text": "RECEIPT",
        "weight": "bold",
        "color": "#1DB446",
        "size": "sm"
      },
      {
        "type": "text",
        "text": "Brown Store",
        "weight": "bold",
        "size": "xxl",
        "margin": "md"
      },
      {
        "type": "text",
        "text": "Miraina Tower, 4-1-6 Shinjuku, Tokyo",
        "size": "xs",
        "color": "#aaaaaa",
        "wrap": true
      },
      {
        "type": "separator",
        "margin": "xxl"
      },
      {
        "type": "box",
        "layout": "vertical",
        "margin": "xxl",
        "spacing": "sm",
        "contents": [
          {
            "type": "box",
            "layout": "horizontal",
            "contents": [
              {
                "type": "text",
                "text": "Energy Drink",
                "size": "sm",
                "color": "#555555",
                "flex": 0
              },
              {
                "type": "text",
                "text": "$2.99",
                "size": "sm",
                "color": "#111111",
                "align": "end"
              }
            ]
          },
          {
            "type": "box",
            "layout": "horizontal",
            "contents": [
              {
                "type": "text",
                "text": "Chewing Gum",
                "size": "sm",
                "color": "#555555",
                "flex": 0
              },
              {
                "type": "text",
                "text": "$0.99",
                "size": "sm",
                "color": "#111111",
                "align": "end"
              }
            ]
          },
          {
            "type": "box",
            "layout": "horizontal",
            "contents": [
              {
                "type": "text",
                "text": "Bottled Water",
                "size": "sm",
                "color": "#555555",
                "flex": 0
              },
              {
                "type": "text",
                "text": "$3.33",
                "size": "sm",
                "color": "#111111",
                "align": "end"
              }
            ]
          },
          {
            "type": "separator",
            "margin": "xxl"
          },
          {
            "type": "box",
            "layout": "horizontal",
            "margin": "xxl",
            "contents": [
              {
                "type": "text",
                "text": "ITEMS",
                "size": "sm",
                "color": "#555555"
              },
              {
                "type": "text",
                "text": "3",
                "size": "sm",
                "color": "#111111",
                "align": "end"
              }
            ]
          },
          {
            "type": "box",
            "layout": "horizontal",
            "contents": [
              {
                "type": "text",
                "text": "TOTAL",
                "size": "sm",
                "color": "#555555"
              },
              {
                "type": "text",
                "text": "$7.31",
                "size": "sm",
                "color": "#111111",
                "align": "end"
              }
            ]
          },
          {
            "type": "box",
            "layout": "horizontal",
            "contents": [
              {
                "type": "text",
                "text": "CASH",
                "size": "sm",
                "color": "#555555"
              },
              {
                "type": "text",
                "text": "$8.0",
                "size": "sm",
                "color": "#111111",
                "align": "end"
              }
            ]
          },
          {
            "type": "box",
            "layout": "horizontal",
            "contents": [
              {
                "type": "text",
                "text": "CHANGE",
                "size": "sm",
                "color": "#555555"
              },
              {
                "type": "text",
                "text": "$0.69",
                "size": "sm",
                "color": "#111111",
                "align": "end"
              }
            ]
          }
        ]
      },
      {
        "type": "separator",
        "margin": "xxl"
      },
      {
        "type": "box",
        "layout": "horizontal",
        "margin": "md",
        "contents": [
          {
            "type": "text",
            "text": "PAYMENT ID",
            "size": "xs",
            "color": "#aaaaaa",
            "flex": 0
          },
          {
            "type": "text",
            "text": "#743289384279",
            "color": "#aaaaaa",
            "size": "xs",
            "align": "end"
           }
         ]
        }
      ]
     }
   }
 },
 "shop":{
   "type": "flex",
   "altText": "Coffe dikirim",
   "contents":
{
  "type": "carousel",
  "contents": [
    {
      "type": "bubble",
      "hero": {
        "type": "image",
        "size": "full",
        "aspectRatio": "20:13",
        "aspectMode": "cover",
        "url": "https://scdn.line-apps.com/n/channel_devcenter/img/fx/01_5_carousel.png"
      },
      "body": {
        "type": "box",
        "layout": "vertical",
        "spacing": "sm",
        "contents": [
          {
            "type": "text",
            "text": "Arm Chair, White",
            "wrap": true,
            "weight": "bold",
            "size": "xl"
          },
          {
            "type": "box",
            "layout": "baseline",
            "contents": [
              {
                "type": "text",
                "text": "$49",
                "wrap": true,
                "weight": "bold",
                "size": "xl",
                "flex": 0
              },
              {
                "type": "text",
                "text": ".99",
                "wrap": true,
                "weight": "bold",
                "size": "sm",
                "flex": 0
              }
            ]
          }
        ]
      },
      "footer": {
        "type": "box",
        "layout": "vertical",
        "spacing": "sm",
        "contents": [
          {
            "type": "button",
            "style": "primary",
            "action": {
              "type": "uri",
              "label": "Add to Cart",
              "uri": "https://linecorp.com"
            }
          },
          {
            "type": "button",
            "action": {
              "type": "uri",
              "label": "Add to wishlist",
              "uri": "https://linecorp.com"
            }
          }
        ]
      }
    },
    {
      "type": "bubble",
      "hero": {
        "type": "image",
        "size": "full",
        "aspectRatio": "20:13",
        "aspectMode": "cover",
        "url": "https://scdn.line-apps.com/n/channel_devcenter/img/fx/01_6_carousel.png"
      },
      "body": {
        "type": "box",
        "layout": "vertical",
        "spacing": "sm",
        "contents": [
          {
            "type": "text",
            "text": "Metal Desk Lamp",
            "wrap": true,
            "weight": "bold",
            "size": "xl"
          },
          {
            "type": "box",
            "layout": "baseline",
            "flex": 1,
            "contents": [
              {
                "type": "text",
                "text": "$11",
                "wrap": true,
                "weight": "bold",
                "size": "xl",
                "flex": 0
              },
              {
                "type": "text",
                "text": ".99",
                "wrap": true,
                "weight": "bold",
                "size": "sm",
                "flex": 0
              }
            ]
          },
          {
            "type": "text",
            "text": "Temporarily out of stock",
            "wrap": true,
            "size": "xxs",
            "margin": "md",
            "color": "#ff5551",
            "flex": 0
          }
        ]
      },
      "footer": {
        "type": "box",
        "layout": "vertical",
        "spacing": "sm",
        "contents": [
          {
            "type": "button",
            "flex": 2,
            "style": "primary",
            "color": "#aaaaaa",
            "action": {
              "type": "uri",
              "label": "Add to Cart",
              "uri": "https://linecorp.com"
            }
          },
          {
            "type": "button",
            "action": {
              "type": "uri",
              "label": "Add to wish list",
              "uri": "https://linecorp.com"
            }
          }
        ]
      }
    },
    {
      "type": "bubble",
      "body": {
        "type": "box",
        "layout": "vertical",
        "spacing": "sm",
        "contents": [
          {
            "type": "button",
            "flex": 1,
            "gravity": "center",
            "action": {
              "type": "uri",
              "label": "See more",
              "uri": "https://linecorp.com"
            }
          }
        ]
       }
     }
   ]
  }   
 },
 "menu":{
   "type": "flex",
   "altText": "Coffe dikirim",
   "contents":
{
  "type": "bubble",
  "hero": {
    "type": "image",
    "url": "https://scdn.line-apps.com/n/channel_devcenter/img/fx/01_2_restaurant.png",
    "size": "full",
    "aspectRatio": "20:13",
    "aspectMode": "cover",
    "action": {
      "type": "uri",
      "uri": "https://linecorp.com"
    }
  },
  "body": {
    "type": "box",
    "layout": "vertical",
    "spacing": "md",
    "action": {
      "type": "uri",
      "uri": "https://linecorp.com"
    },
    "contents": [
      {
        "type": "text",
        "text": "Brown's Burger",
        "size": "xl",
        "weight": "bold"
      },
      {
        "type": "box",
        "layout": "vertical",
        "spacing": "sm",
        "contents": [
          {
            "type": "box",
            "layout": "baseline",
            "contents": [
              {
                "type": "icon",
                "url": "https://scdn.line-apps.com/n/channel_devcenter/img/fx/restaurant_regular_32.png"
              },
              {
                "type": "text",
                "text": "$10.5",
                "weight": "bold",
                "margin": "sm",
                "flex": 0
              },
              {
                "type": "text",
                "text": "400kcl",
                "size": "sm",
                "align": "end",
                "color": "#aaaaaa"
              }
            ]
          },
          {
            "type": "box",
            "layout": "baseline",
            "contents": [
              {
                "type": "icon",
                "url": "https://scdn.line-apps.com/n/channel_devcenter/img/fx/restaurant_large_32.png"
              },
              {
                "type": "text",
                "text": "$15.5",
                "weight": "bold",
                "margin": "sm",
                "flex": 0
              },
              {
                "type": "text",
                "text": "550kcl",
                "size": "sm",
                "align": "end",
                "color": "#aaaaaa"
              }
            ]
          }
        ]
      },
      {
        "type": "text",
        "text": "Sauce, Onions, Pickles, Lettuce & Cheese",
        "wrap": true,
        "color": "#aaaaaa",
        "size": "xxs"
      }
    ]
  },
  "footer": {
    "type": "box",
    "layout": "vertical",
    "contents": [
      {
        "type": "spacer",
        "size": "xxl"
      },
      {
        "type": "button",
        "style": "primary",
        "color": "#905c44",
        "action": {
          "type": "uri",
          "label": "Add to Cart",
          "uri": "https://linecorp.com"
        }
      }
    ]
   }
  }   
 },
 "status":{
   "type": "flex",
   "altText": "Coffe dikirim",
   "contents":
{
  "type": "bubble",
  "hero": {
    "type": "image",
    "url": "https://scdn.line-apps.com/n/channel_devcenter/img/fx/01_3_movie.png",
    "size": "full",
    "aspectRatio": "20:13",
    "aspectMode": "cover",
    "action": {
      "type": "uri",
      "uri": "http://linecorp.com/"
    }
  },
  "body": {
    "type": "box",
    "layout": "vertical",
    "spacing": "md",
    "contents": [
      {
        "type": "text",
        "text": "BROWN'S ADVENTURE\nIN MOVIE",
        "wrap": true,
        "weight": "bold",
        "gravity": "center",
        "size": "xl"
      },
      {
        "type": "box",
        "layout": "baseline",
        "margin": "md",
        "contents": [
          {
            "type": "icon",
            "size": "sm",
            "url": "https://scdn.line-apps.com/n/channel_devcenter/img/fx/review_gold_star_28.png"
          },
          {
            "type": "icon",
            "size": "sm",
            "url": "https://scdn.line-apps.com/n/channel_devcenter/img/fx/review_gold_star_28.png"
          },
          {
            "type": "icon",
            "size": "sm",
            "url": "https://scdn.line-apps.com/n/channel_devcenter/img/fx/review_gold_star_28.png"
          },
          {
            "type": "icon",
            "size": "sm",
            "url": "https://scdn.line-apps.com/n/channel_devcenter/img/fx/review_gold_star_28.png"
          },
          {
            "type": "icon",
            "size": "sm",
            "url": "https://scdn.line-apps.com/n/channel_devcenter/img/fx/review_gray_star_28.png"
          },
          {
            "type": "text",
            "text": "4.0",
            "size": "sm",
            "color": "#999999",
            "margin": "md",
            "flex": 0
          }
        ]
      },
      {
        "type": "box",
        "layout": "vertical",
        "margin": "lg",
        "spacing": "sm",
        "contents": [
          {
            "type": "box",
            "layout": "baseline",
            "spacing": "sm",
            "contents": [
              {
                "type": "text",
                "text": "Date",
                "color": "#aaaaaa",
                "size": "sm",
                "flex": 1
              },
              {
                "type": "text",
                "text": "Monday 25, 9:00PM",
                "wrap": true,
                "size": "sm",
                "color": "#666666",
                "flex": 4
              }
            ]
          },
          {
            "type": "box",
            "layout": "baseline",
            "spacing": "sm",
            "contents": [
              {
                "type": "text",
                "text": "Place",
                "color": "#aaaaaa",
                "size": "sm",
                "flex": 1
              },
              {
                "type": "text",
                "text": "7 Floor, No.3",
                "wrap": true,
                "color": "#666666",
                "size": "sm",
                "flex": 4
              }
            ]
          },
          {
            "type": "box",
            "layout": "baseline",
            "spacing": "sm",
            "contents": [
              {
                "type": "text",
                "text": "Seats",
                "color": "#aaaaaa",
                "size": "sm",
                "flex": 1
              },
              {
                "type": "text",
                "text": "C Row, 18 Seat",
                "wrap": true,
                "color": "#666666",
                "size": "sm",
                "flex": 4
              }
            ]
          }
        ]
      },
      {
        "type": "box",
        "layout": "vertical",
        "margin": "xxl",
        "contents": [
          {
            "type": "spacer"
          },
          {
            "type": "image",
            "url": "https://scdn.line-apps.com/n/channel_devcenter/img/fx/linecorp_code_withborder.png",
            "aspectMode": "cover",
            "size": "xl"
          },
          {
            "type": "text",
            "text": "You can enter the theater by using this code instead of a ticket",
            "color": "#aaaaaa",
            "wrap": true,
            "margin": "xxl",
            "size": "xs"
          }
        ]
      }
    ]
   }
  }   
 },
 "gerak":{
   "type": "flex",
   "altText": "gerak dikirim",
   "contents":
{
  "type": "bubble",
  "size":"nano",
  "body": {
    "type": "box",
    "layout": "vertical",
    "contents": [
      {
        "type": "image",
        "url": "https://i.pinimg.com/originals/39/6d/8c/396d8cf19235b7b437d1067045a63b5a.gif",
        "size": "full",
        "aspectMode": "cover",
        "aspectRatio": "1:1",
        "gravity": "center",
        "animated": true
      },
      {
        "type": "box",
        "layout": "vertical",
        "contents": [],
        "position": "absolute",
        "background": {
          "type": "linearGradient",
          "angle": "0deg",
          "endColor": "#00000000",
          "startColor": "#00000099"
        },
        "width": "100%",
        "height": "40%",
        "offsetBottom": "0px",
        "offsetStart": "0px",
        "offsetEnd": "0px"
      },
      {
        "type": "box",
        "layout": "horizontal",
        "contents": [
          {
            "type": "box",
            "layout": "vertical",
            "contents": [
              {
                "type": "box",
                "layout": "horizontal",
                "contents": [
                  {
                    "type": "text",
                    "text": "Brown Grand Hotel",
                    "size": "xl",
                    "color": "#ffffff"
                  }
                ]
              },
              {
                "type": "box",
                "layout": "baseline",
                "contents": [
                  {
                    "type": "icon",
                    "url": "https://scdn.line-apps.com/n/channel_devcenter/img/fx/review_gold_star_28.png"
                  },
                  {
                    "type": "icon",
                    "url": "https://scdn.line-apps.com/n/channel_devcenter/img/fx/review_gold_star_28.png"
                  },
                  {
                    "type": "icon",
                    "url": "https://scdn.line-apps.com/n/channel_devcenter/img/fx/review_gold_star_28.png"
                  },
                  {
                    "type": "icon",
                    "url": "https://scdn.line-apps.com/n/channel_devcenter/img/fx/review_gold_star_28.png"
                  },
                  {
                    "type": "icon",
                    "url": "https://scdn.line-apps.com/n/channel_devcenter/img/fx/review_gray_star_28.png"
                  },
                  {
                    "type": "text",
                    "text": "4.0",
                    "color": "#a9a9a9"
                  }
                ],
                "spacing": "xs"
              },
              {
                "type": "box",
                "layout": "horizontal",
                "contents": [
                  {
                    "type": "box",
                    "layout": "baseline",
                    "contents": [
                      {
                        "type": "text",
                        "text": "¥62,000",
                        "color": "#ffffff",
                        "size": "md",
                        "flex": 0,
                        "align": "end"
                      },
                      {
                        "type": "text",
                        "text": "¥82,000",
                        "color": "#a9a9a9",
                        "decoration": "line-through",
                        "size": "sm",
                        "align": "end"
                      }
                    ],
                    "flex": 0,
                    "spacing": "lg"
                  }
                ]
              }
            ],
            "spacing": "xs"
          }
        ],
        "position": "absolute",
        "offsetBottom": "0px",
        "offsetStart": "0px",
        "offsetEnd": "0px",
        "paddingAll": "20px"
      }
    ],
    "paddingAll": "0px"
  }
}  
}
}