{
  "rambume":{"type": "flex","altText": "Menghapus anda dari group","contents": {"type":"carousel","contents":[{"header":{"type":"box","contents":[{"text":"℘гσʄıɭε","weight":"bold","color":"#FFFFFF","wrap":true,"type":"text","size":"xl","align":"center"}],"layout":"horizontal"},"type":"bubble","hero":{"size":"full","aspectMode":"cover","type":"image","url":"https://obs.line-scdn.net/0hfM-_ImKDOWIQJhN2RbxGNSxjNw9nCD8qaBNyVjR2YFtoFndmeRMjBmB2Y1tvHi09eBR0VmEiNVtt","action":{"uri":"http://line.me/ti/p/rambubasaee","type":"uri"}},"styles":{"body":{"backgroundColor":"#000000"},"header":{"backgroundColor":"#00008B"},"footer":{"backgroundColor":"#00008B"}},"footer":{"type":"box","contents":[{"text":"ᴄʀᴇᴀᴛᴏʀ\n✍R̶a̶m̶b̶u™〽","weight":"bold","action":{"uri":"https://line.me/ti/p/~rambubasaee","type":"uri"},"color":"#FFFFFF","wrap":true,"size":"xl","type":"text","align":"center"}],"layout":"horizontal"}},{"header":{"type":"box","contents":[{"text":"Cover ℘гσʄıɭε","weight":"bold","color":"#FFFFFF","wrap":true,"type":"text","size":"xl","align":"center"}],"layout":"horizontal"},"type":"bubble","hero":{"size":"full","aspectMode":"cover","type":"image","url":"https://obs-sg.line-apps.com/myhome/c/download.nhn?userid=ub5c0a68d18cdbd3da58c9b8ee3ce5c8a&oid=5240e871753011deb11937c328c7fdaa","action":{"uri":"http://line.me/ti/p/rambubasaee","type":"uri"}},"styles":{"body":{"backgroundColor":"#000000"},"header":{"backgroundColor":"#00008B"},"footer":{"backgroundColor":"#00008B"}},"footer":{"type":"box","contents":[{"text":"ᴄʀᴇᴀᴛᴏʀ\n✍R̶a̶m̶b̶u™〽","weight":"bold","action":{"uri":"https://line.me/ti/p/~rambubasaee","type":"uri"},"color":"#FFFFFF","wrap":true,"size":"xl","type":"text","align":"center"}],"layout":"horizontal"}},{"header":{"type":"box","contents":[{"text":"Mybio","weight":"bold","color":"#FFFFFF","wrap":true,"type":"text","size":"xl","align":"center"}],"layout":"horizontal"},"body":{"layout":"vertical","type":"box","contents":[{"layout":"vertical","type":"box","contents":[{"type":"box","contents":[{"text":"fєвяιαи. fя","weight":"bold","color":"#7FFF00","wrap":true,"type":"text","size":"xl","align":"center"}],"layout":"baseline"}],"spacing":"xs"},{"type":"separator","color":"#FF0000"},{"layout":"vertical","type":"box","contents":[{"type":"box","contents":[{"text":"รtศtนร ℘rσʄıɭε :","weight":"bold","color":"#FFFF00","wrap":true,"type":"text","size":"md","align":"center"}],"layout":"baseline"}],"spacing":"xs"},{"type":"separator","color":"#FF0000"},{"layout":"vertical","type":"box","contents":[{"type":"box","contents":[{"text":"110119","weight":"bold","color":"#F0FFFF","wrap":true,"type":"text","size":"xs","align":"center"}],"layout":"baseline"}],"spacing":"xs"}],"spacing":"xs"},"type":"bubble","styles":{"body":{"backgroundColor":"#000000"},"header":{"backgroundColor":"#00008B"},"footer":{"backgroundColor":"#00008B"}},"footer":{"type":"box","contents":[{"text":"ᴄʀᴇᴀᴛᴏʀ\n✍R̶a̶m̶b̶u™〽","weight":"bold","action":{"uri":"https://line.me/ti/p/~rambubasaee","type":"uri"},"color":"#FFFFFF","wrap":true,"size":"xl","type":"text","align":"center"}],"layout":"horizontal"}}]}},
  "nonkant1":{"type": "flex","altText": "Menghapus anda dari group","contents": {"body":{"contents":[{"spacing":"sm","margin":"lg","type":"box","contents":[{"spacing":"sm","type":"box","contents":[{"text":"╬═══════════════►\n║ \u06dd Sambutan Member \u06dd\n║ Sambutan Member sudah aktif\n╬═══════════════►","type":"text","wrap":true,"size":"sm","color":"#66FF66"}],"layout":"baseline"}],"layout":"vertical"}],"type":"box","layout":"vertical"},"type":"bubble","footer":{"flex":0,"spacing":"sm","type":"box","contents":[{"align":"center","color":"#66FF66","text":"TΣΔM ΔΠT βΩT","type":"text","wrap":true,"size":"sm"},{"type":"spacer","size":"sm"}],"layout":"vertical"},"styles":{"footer":{"separator":true,"backgroundColor":"#000000"},"body":{"separatorColor":"#000000","separator":true,"backgroundColor":"#000000"}},"hero":{"action":{"type":"uri","uri":"https://line.me/ti/p/~fire_ant01"},"aspectRatio":"2:1","aspectMode":"cover","type":"image","size":"full","url":"https://i.ibb.co/nkT2MZz/1548012995929.jpg"}}},
  "nonkant2":{"type": "flex","altText": "Menghapus anda dari group","contents": {"footer":{"flex":0,"spacing":"sm","type":"box","contents":[{"align":"center","color":"#66FF66","text":"⍟ᴍʙᴜʟ⍟[チェックボックス][チェックボックス][チェックボックス][チェックボックス][チェックボックス][チェックボックス][チェックボックス][チェックボックス][チェックボックス][チェックボックス][チェックボックス][チェックボックス][チェックボックス][チェックボックス]","type":"text","wrap":true,"size":"sm"},{"type":"spacer","size":"sm"}],"layout":"vertical"},"type":"bubble","header":{"contents":[{"action":{"type":"uri","uri":"https://i.ibb.co/PD0WN5z/1547315149199.jpg"},"align":"center","color":"#66FF66","text":"TΣΔM ΔΠT βΩT","type":"text","weight":"bold","size":"sm"}],"type":"box","layout":"horizontal"},"body":{"contents":[{"spacing":"sm","margin":"lg","type":"box","contents":[{"spacing":"sm","type":"box","contents":[{"action":{"type":"uri","uri":"https://i.ibb.co/PD0WN5z/1547315149199.jpg"},"color":"#4EE7FF","text":"╭───────────────────\n│Selamat jalan 😢\n│ꪶ࿋྄ིᤢꫂƑiͥrmͣaͫn⇝\n│semoga kau bahagia😢\n╰───────────────────","type":"text","wrap":true,"size":"sm"}],"layout":"baseline"}],"layout":"vertical"}],"type":"box","layout":"vertical"},"styles":{"footer":{"separator":true,"backgroundColor":"#1C1C1C"},"body":{"separatorColor":"#1C1C1C","separator":true,"backgroundColor":"#1C1C1C"},"header":{"backgroundColor":"#1C1C1C"}},"hero":{"action":{"type":"uri","uri":"https://i.ibb.co/PD0WN5z/1547315149199.jpg"},"aspectRatio":"2:1","aspectMode":"cover","type":"image","size":"full","url":"https://i.ibb.co/n3FR5dS/Kuroko-Tetsuya-kuroko-tetsuya-38876175-1600-900.jpg"}}},
  "nonkant3":{"type": "flex","altText": "Menghapus anda dari group","contents": {"body":{"contents":[{"spacing":"xl","margin":"lg","type":"box","contents":[{"spacing":"xl","type":"box","contents":[{"action":{"type":"uri","uri":"https://line.me/ti/p/~fire_ant01"},"wrap":true,"align":"center","color":"#FFFFFF","text":"࿇➳➽✥🇾 🇺 🇩 🇭 🇾࿇➳➽ ࿇","type":"text","weight":"bold","size":"xl"}],"layout":"vertical"},{"flex":1,"contents":[{"type":"text","color":"#FFFF00","text":"Ngopi apa ngopi diem-diem baee..  😳😳","weight":"bold","wrap":true,"size":"md"}],"type":"box","layout":"horizontal"},{"spacing":"xxl","type":"box","contents":[{"text":"🇮🇩 2019-02-25","type":"text","size":"xs","color":"#0000CC","align":"end"}],"margin":"md","layout":"vertical"}],"layout":"vertical"}],"type":"box","layout":"vertical"},"type":"bubble","footer":{"flex":0,"spacing":"sm","type":"box","contents":[{"action":{"type":"uri","uri":"https://line.me/ti/p/~fire_ant01"},"align":"center","color":"#66FF66","size":"xl","text":"sɪᴅᴇR ᴍᴇᴍʙᴇʀ","type":"text","weight":"bold","wrap":true},{"type":"spacer","size":"sm"}],"layout":"vertical"},"styles":{"footer":{"separator":true,"backgroundColor":"#000000"},"body":{"separatorColor":"#1C1C1C","separator":true,"backgroundColor":"#000000"}},"hero":{"action":{"type":"uri","uri":"https://obs.line-scdn.net/0hjzNGLBqaNVVzPh9BqHNKAk97OzgEEDMdC1p4NFM4YjVYW3AFRgx_O1A6aWZdC3BXGlxzMl4_aTdZ"},"aspectRatio":"1:1","aspectMode":"cover","type":"image","size":"full","url":"https://obs.line-scdn.net/0hjzNGLBqaNVVzPh9BqHNKAk97OzgEEDMdC1p4NFM4YjVYW3AFRgx_O1A6aWZdC3BXGlxzMl4_aTdZ"}}},
  "arie1":{"type": "flex","altText": "Menghapus anda dari group","contents": {"styles":{"footer":{"separator":true,"backgroundColor":"#252525","separatorColor":"#7FFFCE"},"body":{"separator":true,"backgroundColor":"#252525","separatorColor":"#7FFFCE"}},"type":"bubble","body":{"layout":"vertical","type":"box","contents":[{"color":"#00F167","wrap":true,"text":"H̳a̳i̳ ̳f̳a̳n̳S̳😘😘😙\n̳N̳g̳a̳p̳a̳i̳n̳ ̳n̳g̳e̳t̳a̳g̳,̳ ̳k̳a̳n̳g̳e̳n̳ ̳y̳a̳?̳ ̳P̳c̳ ̳a̳j̳a̳ ̳k̳u̳y̳.̳.̳.̳!̳😅😅😅","type":"text"}]},"footer":{"layout":"vertical","type":"box","contents":[{"layout":"baseline","type":"box","contents":[{"size":"md","url":"https://i.postimg.cc/XNf5Qdc1/Pics-Art-02-01-12-30-58.png","type":"icon"},{"action":{"type":"uri","uri":"line://nv/profilePopup/mid=u3753863ba35bc6120a5bb07e86cb1ebe"},"text":"『🍁A̷r̷i̷e͜͡✯✍』","color":"#00F167","size":"md","type":"text","align":"center"}]}],"spacing":"sm"}}},
  "arie2":{"type": "flex","altText": "Menghapus anda dari group","contents": {"hero":{"action":{"uri":"line://nv/profilePopup/mid=u9c292072d85691b864e1260df56924db","type":"uri"},"url":"https://obs.line-scdn.net/0hkA0IBAD2NG4NMB4bSRJLOTF1OgN6HjImdQEuXH8xblgiB3M-NAJ4DH9nb1Z1U3o-ZF58Wigza1ty","size":"full","type":"image","aspectMode":"cover"},"body":{"contents":[{"weight":"bold","align":"center","text":"[ RESPON TAG ]","color":"#00F167","size":"xl","type":"text"},{"spacing":"sm","contents":[{"spacing":"sm","contents":[{"align":"center","text":"Aisya Disini Kak","color":"#00F167","wrap":true,"size":"sm","type":"text"}],"layout":"baseline","type":"box"}],"layout":"vertical","type":"box","margin":"lg"}],"layout":"vertical","type":"box"},"styles":{"hero":{"separator":true,"backgroundColor":"#252525","separatorColor":"#FCFF7B"},"footer":{"separator":true,"backgroundColor":"#252525","separatorColor":"#FCFF7B"},"body":{"separator":true,"backgroundColor":"#252525","separatorColor":"#7FFFCE"}},"type":"bubble","footer":{"spacing":"sm","contents":[{"contents":[{"url":"https://obs.line-scdn.net/0h3TODA6EpbHtyPUYQXF4TLE54YhYFE2ozClsqGlI1OhgICiN_G192GVM5Yh5cCy8oTF8qHwM0NB9Z","size":"md","type":"icon"},{"weight":"bold","action":{"uri":"line://ti/p/5ijVzDZEfi","type":"uri"},"align":"center","text":"Aisya Games","color":"#00F167","size":"xl","type":"text"},{"size":"sm","type":"spacer"}],"layout":"baseline","type":"box"}],"layout":"vertical","type":"box"}}},
  "aldy1":{"type": "flex","altText": "Menghapus anda dari group","contents": {"styles":{"body":{"backgroundColor":"#000000"},"footer":{"backgroundColor":"#000000"}},"type":"bubble","body":{"contents":[{"contents":[{"type":"image","url":"https://obs.line-scdn.net/0h61b1M7adaR5fSEMMQNAWSWMNZ3MoZm9WJ312fHMfMCZyfSlAMCkgKCoaYC52cSxJYickcX5BMygg","size":"xl","margin":"xs","align":"center"},{"type":"separator","color":"#FF0000"},{"text":"乂 ᴋᴀᴍᴘʀᴇᴛ 乂\n乂T̷e̷a̷m̷B̷o̷t̷s̷乂\n\nᴛʏᴘᴇ:\n- sᴇʟғʙᴏᴛ\nᴠᴇʀsɪ:\n- ᴍʙᴜʜ ᴘɪʀᴏ","size":"xs","color":"#00FF33","wrap":true,"weight":"bold","type":"text"}],"type":"box","spacing":"md","layout":"horizontal"},{"type":"separator","color":"#FF0000"},{"contents":[{"contents":[{"text":"☞ sᴜᴄᴄᴇs ʟɪᴋᴇ ᴘᴏsᴛ'ᴇ ᴄᴏᴋ","size":"sm","margin":"none","color":"#FFFF00","wrap":true,"weight":"regular","type":"text"}],"type":"box","layout":"baseline"}],"type":"box","layout":"vertical"}],"type":"box","spacing":"md","layout":"vertical"},"footer":{"type":"box","layout":"vertical","contents":[{"type":"box","layout":"horizontal","contents":[{"type":"button","flex":2,"style":"primary","color":"#006400","height":"sm","action":{"type":"uri","label":"ᴛᴀᴘ ʜᴇʀᴇ ᴛᴏ ᴄʜᴀᴛ ᴄʀᴇᴀᴛᴏʀ","uri":"https://line.me/ti/p/~kampret_89"}}]}]}}},
  "bisma1":{"type": "flex","altText": "Menghapus anda dari group","contents": {"contents":[{"hero":{"url":"https://obs.line-scdn.net/0hHfVXW_w_F0lrIT1BjChoHldkGSQcDxEBExJffUkhTnFERVBIVUIIK0kpGnFAGFgaAkdYf0oiT35A","type":"image","aspectRatio":"1:1","action":{"type":"uri","uri":"line://ti/p/~mr.sider"},"size":"full","aspectMode":"cover"},"styles":{"hero":{"backgroundColor":"#000000","separator":true,"separatorColor":"#FFF200"},"footer":{"backgroundColor":"#000000","separator":true,"separatorColor":"#FFF200"},"header":{"backgroundColor":"#000000"},"body":{"backgroundColor":"#000000"}},"header":{"layout":"vertical","contents":[{"color":"#FFF200","text":"Profile","type":"text","align":"center","weight":"bold","size":"lg"}],"spacing":"sm","type":"box"},"body":{"layout":"vertical","contents":[{"flex":1,"color":"#FFF200","text":"Profile","type":"text","align":"center"}],"spacing":"sm","type":"box"},"type":"bubble","footer":{"layout":"vertical","contents":[{"layout":"baseline","contents":[{"url":"https://os.line.naver.jp/os/p/u4033ea77038ab1a6ec89c42fe317f7ab","size":"md","type":"icon"},{"color":"#47FF00","text":"UnitedTeamBot","type":"text","align":"center","weight":"bold","action":{"type":"uri","uri":"http://cerdas.com"},"size":"md"},{"size":"sm","type":"spacer"}],"type":"box"}],"spacing":"sm","type":"box"}},{"hero":{"url":"https://obs-sg.line-apps.com/myhome/c/download.nhn?oid=ec2cb6ae7b7451e06dc0bb4b69497cfe&userid=ud6c61693e1f34a569b97894d11a52767","type":"image","aspectRatio":"1:1","action":{"type":"uri","uri":"line://ti/p/~mr.sider"},"size":"full","aspectMode":"cover"},"styles":{"hero":{"backgroundColor":"#000000","separator":true,"separatorColor":"#FFF200"},"footer":{"backgroundColor":"#000000","separator":true,"separatorColor":"#FFF200"},"header":{"backgroundColor":"#000000"},"body":{"backgroundColor":"#000000"}},"header":{"layout":"vertical","contents":[{"color":"#FFF200","text":"Cover","type":"text","align":"center","weight":"bold","size":"lg"}],"spacing":"sm","type":"box"},"body":{"layout":"vertical","contents":[{"flex":1,"color":"#FFF200","text":"Cover","type":"text","align":"center"}],"spacing":"sm","type":"box"},"type":"bubble","footer":{"layout":"vertical","contents":[{"layout":"baseline","contents":[{"url":"https://os.line.naver.jp/os/p/u4033ea77038ab1a6ec89c42fe317f7ab","size":"md","type":"icon"},{"color":"#47FF00","text":"UnitedTeamBot","type":"text","align":"center","weight":"bold","action":{"type":"uri","uri":"http://cerdas.com"},"size":"md"},{"size":"sm","type":"spacer"}],"type":"box"}],"spacing":"sm","type":"box"}},{"header":{"layout":"vertical","contents":[{"color":"#47FF00","text":"Hayden","type":"text","align":"center","weight":"bold","size":"lg"},{"flex":1,"color":"#FFF200","text":"Status : ","type":"text","align":"center"},{"color":"#FFF200","type":"separator"}],"spacing":"sm","type":"box"},"footer":{"layout":"vertical","contents":[{"layout":"baseline","contents":[{"url":"https://os.line.naver.jp/os/p/u4033ea77038ab1a6ec89c42fe317f7ab","size":"md","type":"icon"},{"color":"#47FF00","text":"UnitedTeamBot","type":"text","align":"center","weight":"bold","action":{"type":"uri","uri":"http://cerdas.com"},"size":"md"},{"size":"sm","type":"spacer"}],"type":"box"}],"spacing":"sm","type":"box"},"styles":{"hero":{"backgroundColor":"#000000","separator":true,"separatorColor":"#FFF200"},"footer":{"backgroundColor":"#000000","separator":true,"separatorColor":"#FFF200"},"header":{"backgroundColor":"#000000","separator":true,"separatorColor":"#FFF200"},"body":{"backgroundColor":"#000000"}},"type":"bubble","body":{"layout":"vertical","contents":[{"color":"#FFFFFF","text":"Oalah sinyal kok jan parah......","wrap":true,"align":"center","flex":1,"type":"text","size":"sm"}],"spacing":"sm","type":"box"}}],"type":"carousel"}},
  "hk1":{"type": "flex","altText": "Menghapus anda dari group","contents": {"contents":[{"styles":{"body":{"backgroundColor":"#000000"},"footer":{"backgroundColor":"#00008B"},"header":{"backgroundColor":"#00008B"}},"body":{"type":"box","layout":"vertical","contents":[{"type":"box","layout":"vertical","margin":"xs","contents":[{"type":"image","url":"https://i.ibb.co/RvGHyR4/1542399863713.jpg","size":"full"},{"type":"separator","color":"#7CFC00"},{"type":"text","text":"Bot Token HK","color":"#00FFFF","size":"md","wrap":true,"align":"center","weight":"bold","action":{"type":"uri","uri":"https://line.me/ti/p/~haydenz1"}},{"type":"separator","color":"#7CFC00"}]},{"type":"box","layout":"horizontal","margin":"xs","contents":[{"type":"image","url":"https://www.linefriends.com/img/img_sec4.png","size":"xl","action":{"type":"uri","label":"Stream","uri":"line://app/1602687308-GXq4Vvk9?type=text&text=Token%20chromeos"}},{"type":"separator","color":"#7CFC00"},{"type":"text","text":"Tekan disini\\nAtau icon line disamping\\nuntuk login\\n\\nCHROMEOS","color":"#FFD700","size":"sm","wrap":true,"align":"center","weight":"bold","action":{"type":"uri","label":"Stream","uri":"line://app/1602687308-GXq4Vvk9?type=text&text=Token%20chromeos"}}]}]},"type":"bubble","footer":{"type":"box","layout":"horizontal","contents":[{"type":"text","text":"Creator","size":"xs","wrap":true,"weight":"bold","color":"#F0F8FF","action":{"type":"uri","uri":"http://line.me/ti/p/~haydenz1"},"align":"center"},{"type":"separator","color":"#F0F8FF"},{"type":"text","text":"Order","size":"xs","wrap":true,"weight":"bold","color":"#F0F8FF","action":{"type":"uri","uri":"line://app/1603968955-ORWb9RdY/?type=text&text=Order"},"align":"center"}]},"header":{"type":"box","layout":"horizontal","contents":[{"type":"text","text":"ƬΣΛM HK BӨƬ","size":"xs","wrap":true,"weight":"bold","color":"#F0F8FF","action":{"type":"uri","uri":"http://line.me/ti/p/~haydenz1"},"align":"center"}]}},{"styles":{"body":{"backgroundColor":"#000000"},"footer":{"backgroundColor":"#FF1493"},"header":{"backgroundColor":"#FF1493"}},"body":{"type":"box","layout":"vertical","contents":[{"type":"box","layout":"vertical","margin":"xs","contents":[{"type":"image","url":"https://i.ibb.co/8Pq0LFR/1542399865580.jpg","size":"full"},{"type":"separator","color":"#7CFC00"},{"type":"text","text":"Bot Token HK","color":"#00FFFF","size":"md","wrap":true,"align":"center","weight":"bold","action":{"type":"uri","uri":"https://line.me/ti/p/~haydenz1"}},{"type":"separator","color":"#7CFC00"}]},{"type":"box","layout":"horizontal","margin":"xs","contents":[{"type":"image","url":"https://www.linefriends.com/img/img_sec4.png","size":"xl","action":{"type":"uri","label":"Stream","uri":"line://app/1602687308-GXq4Vvk9?type=text&text=Token%20iosipad"}},{"type":"separator","color":"#7CFC00"},{"type":"text","text":"Tekan disini\\nAtau icon line disamping\\nuntuk login\\n\\nIOSIPAD","color":"#FFD700","size":"sm","wrap":true,"align":"center","weight":"bold","action":{"type":"uri","label":"Stream","uri":"line://app/1602687308-GXq4Vvk9?type=text&text=Token%20iosipad"}}]}]},"type":"bubble","footer":{"type":"box","layout":"horizontal","contents":[{"type":"text","text":"Creator","size":"xs","wrap":true,"weight":"bold","color":"#F0F8FF","action":{"type":"uri","uri":"http://line.me/ti/p/~haydenz1"},"align":"center"},{"type":"separator","color":"#F0F8FF"},{"type":"text","text":"Order","size":"xs","wrap":true,"weight":"bold","color":"#F0F8FF","action":{"type":"uri","uri":"line://app/1603968955-ORWb9RdY/?type=text&text=Order"},"align":"center"}]},"header":{"type":"box","layout":"horizontal","contents":[{"type":"text","text":"ƬΣΛM HK BӨƬ","size":"xs","wrap":true,"weight":"bold","color":"#F0F8FF","action":{"type":"uri","uri":"http://line.me/ti/p/~haydenz1"},"align":"center"}]}},{"styles":{"body":{"backgroundColor":"#000000"},"footer":{"backgroundColor":"#32CD32"},"header":{"backgroundColor":"#32CD32"}},"body":{"type":"box","layout":"vertical","contents":[{"type":"box","layout":"vertical","margin":"xs","contents":[{"type":"image","url":"https://i.ibb.co/zXTz36B/1542399869010.jpg","size":"full"},{"type":"separator","color":"#7CFC00"},{"type":"text","text":"Bot Token HK","color":"#00FFFF","size":"md","wrap":true,"align":"center","weight":"bold","action":{"type":"uri","uri":"https://line.me/ti/p/~haydenz1"}},{"type":"separator","color":"#7CFC00"}]},{"type":"box","layout":"horizontal","margin":"xs","contents":[{"type":"image","url":"https://www.linefriends.com/img/img_sec4.png","size":"xl","action":{"type":"uri","label":"Stream","uri":"line://app/1602687308-GXq4Vvk9?type=text&text=Token%20desktopwin"}},{"type":"separator","color":"#7CFC00"},{"type":"text","text":"Tekan disini\\nAtau icon line disamping\\nuntuk login\\n\\nDESKTOOWIN","color":"#FFD700","size":"sm","wrap":true,"align":"center","weight":"bold","action":{"type":"uri","label":"Stream","uri":"line://app/1602687308-GXq4Vvk9?type=text&text=Token%20desktopwin"}}]}]},"type":"bubble","footer":{"type":"box","layout":"horizontal","contents":[{"type":"text","text":"Creator","size":"xs","wrap":true,"weight":"bold","color":"#F0F8FF","action":{"type":"uri","uri":"http://line.me/ti/p/~haydenz1"},"align":"center"},{"type":"separator","color":"#F0F8FF"},{"type":"text","text":"Order","size":"xs","wrap":true,"weight":"bold","color":"#F0F8FF","action":{"type":"uri","uri":"line://app/1603968955-ORWb9RdY/?type=text&text=Order"},"align":"center"}]},"header":{"type":"box","layout":"horizontal","contents":[{"type":"text","text":"ƬΣΛM HK BӨƬ","size":"xs","wrap":true,"weight":"bold","color":"#F0F8FF","action":{"type":"uri","uri":"http://line.me/ti/p/~haydenz1"},"align":"center"}]}},{"styles":{"body":{"backgroundColor":"#000000"},"footer":{"backgroundColor":"#FFA500"},"header":{"backgroundColor":"#FFA500"}},"body":{"type":"box","layout":"vertical","contents":[{"type":"box","layout":"vertical","margin":"xs","contents":[{"type":"image","url":"https://i.ibb.co/KzMF1N2/1542399876789.jpg","size":"full"},{"type":"separator","color":"#7CFC00"},{"type":"text","text":"Bot Token HK","color":"#00FFFF","size":"md","wrap":true,"align":"center","weight":"bold","action":{"type":"uri","uri":"https://line.me/ti/p/~haydenz1"}},{"type":"separator","color":"#7CFC00"}]},{"type":"box","layout":"horizontal","margin":"xs","contents":[{"type":"image","url":"https://www.linefriends.com/img/img_sec4.png","size":"xl","action":{"type":"uri","label":"Stream","uri":"line://app/1602687308-GXq4Vvk9?type=text&text=Token%20desktopmac"}},{"type":"separator","color":"#7CFC00"},{"type":"text","text":"Tekan disini\\nAtau icon line disamping\\nuntuk login\\n\\nDESKTOPMAC","color":"#FFD700","size":"sm","wrap":true,"align":"center","weight":"bold","action":{"type":"uri","label":"Stream","uri":"line://app/1602687308-GXq4Vvk9?type=text&text=Token%20desktopmac"}}]}]},"type":"bubble","footer":{"type":"box","layout":"horizontal","contents":[{"type":"text","text":"Creator","size":"xs","wrap":true,"weight":"bold","color":"#F0F8FF","action":{"type":"uri","uri":"http://line.me/ti/p/~haydenz1"},"align":"center"},{"type":"separator","color":"#F0F8FF"},{"type":"text","text":"Order","size":"xs","wrap":true,"weight":"bold","color":"#F0F8FF","action":{"type":"uri","uri":"line://app/1603968955-ORWb9RdY/?type=text&text=Order"},"align":"center"}]},"header":{"type":"box","layout":"horizontal","contents":[{"type":"text","text":"ƬΣΛM HK BӨƬ","size":"xs","wrap":true,"weight":"bold","color":"#F0F8FF","action":{"type":"uri","uri":"http://line.me/ti/p/~haydenz1"},"align":"center"}]}},{"styles":{"body":{"backgroundColor":"#000000"},"footer":{"backgroundColor":"#FF0000"},"header":{"backgroundColor":"#FF0000"}},"body":{"type":"box","layout":"vertical","contents":[{"type":"box","layout":"vertical","margin":"xs","contents":[{"type":"image","url":"https://i.ibb.co/db436rt/1542399880425.jpg","size":"full"},{"type":"separator","color":"#7CFC00"},{"type":"text","text":"Bot Token HK","color":"#00FFFF","size":"md","wrap":true,"align":"center","weight":"bold","action":{"type":"uri","uri":"https://line.me/ti/p/~haydenz1"}},{"type":"separator","color":"#7CFC00"}]},{"type":"box","layout":"horizontal","margin":"xs","contents":[{"type":"image","url":"https://www.linefriends.com/img/img_sec4.png","size":"xl","action":{"type":"uri","label":"Stream","uri":"line://app/1602687308-GXq4Vvk9?type=text&text=Token%20win10"}},{"type":"separator","color":"#7CFC00"},{"type":"text","text":"Tekan disini\\nAtau icon line disamping\\nuntuk login\\n\\nWIN10","color":"#FFD700","size":"sm","wrap":true,"align":"center","weight":"bold","action":{"type":"uri","label":"Stream","uri":"line://app/1602687308-GXq4Vvk9?type=text&text=Token%20win10"}}]}]},"type":"bubble","footer":{"type":"box","layout":"horizontal","contents":[{"type":"text","text":"Creator","size":"xs","wrap":true,"weight":"bold","color":"#F0F8FF","action":{"type":"uri","uri":"http://line.me/ti/p/~haydenz1"},"align":"center"},{"type":"separator","color":"#F0F8FF"},{"type":"text","text":"Order","size":"xs","wrap":true,"weight":"bold","color":"#F0F8FF","action":{"type":"uri","uri":"line://app/1603968955-ORWb9RdY/?type=text&text=Order"},"align":"center"}]},"header":{"type":"box","layout":"horizontal","contents":[{"type":"text","text":"ƬΣΛM HK BӨƬ","size":"xs","wrap":true,"weight":"bold","color":"#F0F8FF","action":{"type":"uri","uri":"http://line.me/ti/p/~haydenz1"},"align":"center"}]}}],"type":"carousel"}},
  "du1":{"type": "flex","altText": "Menghapus anda dari group","contents": {"header":{"contents":[{"wrap":true,"type":"text","weight":"bold","align":"center","text":"DK TEAM BOT","size":"xl","color":"#F0F8FF"}],"layout":"horizontal","type":"box"},"body":{"contents":[{"flex":2,"layout":"vertical","type":"box","contents":[{"wrap":true,"type":"text","weight":"bold","align":"center","text":"Cuy ngrtag mele..","size":"md","color":"#40E0D0"}]}],"spacing":"md","layout":"horizontal","type":"box"},"type":"bubble","footer":{"contents":[{"wrap":true,"align":"center","type":"text","weight":"bold","action":{"uri":"http://line.me/ti/p/~dzul1991ji","type":"uri"},"text":"CREATOR","size":"xl","color":"#7CFC00"},{"type":"separator","color":"#E5E4E2"},{"wrap":true,"align":"center","type":"text","weight":"bold","action":{"uri":"line://app/1602687308-GXq4Vvk9/?type=text&text=Order","type":"uri"},"text":"ORDER","size":"xl","color":"#FFD700"}],"layout":"horizontal","type":"box"},"styles":{"footer":{"backgroundColor":"#FFFF33"},"header":{"backgroundColor":"#FFFF33"},"body":{"backgroundColor":"#000000"}},"hero":{"type":"image","url":"https://i.pinimg.com/originals/fd/47/e5/fd47e55dfb49ae1d39675d6eff34a729.gif","margin":"xl","aspectMode":"cover","size":"full","aspectRatio":"20:13"}}}
}