{
    "result": [
        {
            "Juduls": "Hitomi no Kotae",
            "Links": "https://anime.thehylia.com/soundtracks/album/07-ghost-ed-single-hitomi-no-kotae/01%2520Hitomi%2520no%2520Kotae.mp3"
        },
        {
            "Juduls": "Raggs no Chinkonka",
            "Links": "https://anime.thehylia.com/soundtracks/album/07-ghost-ed-single-hitomi-no-kotae/02%2520Raggs%2520no%2520Chinkonka.mp3"
        },
        {
            "Juduls": "Hitomi no Kotae instrumental",
            "Links": "https://anime.thehylia.com/soundtracks/album/07-ghost-ed-single-hitomi-no-kotae/03%2520Hitomi%2520no%2520Kotae%2520instrumental.mp3"
        },
        {
            "Juduls": "Raggs no Chinkonka instrumental",
            "Links": "https://anime.thehylia.com/soundtracks/album/07-ghost-ed-single-hitomi-no-kotae/04%2520Raggs%2520no%2520Chinkonka%2520instrumental.mp3"
        }
    ]
}