{
    "result": [
        {
            "link": "https://www96.zippyshare.com/v/0829b2ki/file.html"
        },
        {
            "link": "https://www53.zippyshare.com/v/S4EFfEJu/file.html"
        },
        {
            "link": "https://www94.zippyshare.com/v/61lpofxL/file.html"
        },
        {
            "link": "https://www81.zippyshare.com/v/UnVAYIe5/file.html"
        },
        {
            "link": "https://www64.zippyshare.com/v/m7dzMFjh/file.html"
        },
        {
            "link": "https://www114.zippyshare.com/v/0tj4eIAz/file.html"
        },
        {
            "link": "https://www96.zippyshare.com/v/viMXZFtl/file.html"
        },
        {
            "link": "https://www35.zippyshare.com/v/GzQ6keKc/file.html"
        },
        {
            "link": "https://www99.zippyshare.com/v/2rH9b18Y/file.html"
        },
        {
            "link": "https://www105.zippyshare.com/v/wIBkym6W/file.html"
        },
        {
            "link": "https://www33.zippyshare.com/v/xS2567nx/file.html"
        },
        {
            "link": "https://www30.zippyshare.com/v/yXz56gBQ/file.html"
        },
        {
            "link": "https://www80.zippyshare.com/v/dd4lWTJ6/file.html"
        },
        {
            "link": "https://www6.zippyshare.com/v/ngEyDGlr/file.html"
        },
        {
            "link": "https://www98.zippyshare.com/v/5SmrNAt3/file.html"
        },
        {
            "link": "https://www120.zippyshare.com/v/aT51O5xn/file.html"
        },
        {
            "link": "https://www46.zippyshare.com/v/WohWkfNb/file.html"
        },
        {
            "link": "https://www74.zippyshare.com/v/u7ckPTxW/file.html"
        },
        {
            "link": "https://www41.zippyshare.com/v/3Fe8SJ9z/file.html"
        },
        {
            "link": "https://www112.zippyshare.com/v/ezFuOaeo/file.html"
        },
        {
            "link": "https://www85.zippyshare.com/v/L4MSW4bP/file.html"
        },
        {
            "link": "https://www8.zippyshare.com/v/tOn4mLwO/file.html"
        },
        {
            "link": "https://www82.zippyshare.com/v/4zX3339G/file.html"
        },
        {
            "link": "https://www101.zippyshare.com/v/StKPamWl/file.html"
        },
        {
            "link": "https://www94.zippyshare.com/v/NxHYXJPA/file.html"
        },
        {
            "link": "https://www73.zippyshare.com/v/QmpHLhQc/file.html"
        },
        {
            "link": "https://www18.zippyshare.com/v/lrPfLdTU/file.html"
        },
        {
            "link": "https://www12.zippyshare.com/v/FiOt1PZz/file.html"
        },
        {
            "link": "https://www116.zippyshare.com/v/JLf7dqwj/file.html"
        },
        {
            "link": "https://www22.zippyshare.com/v/peYHSYxY/file.html"
        },
        {
            "link": "https://www59.zippyshare.com/v/vwMpKnUA/file.html"
        },
        {
            "link": "https://www76.zippyshare.com/v/CRZrXp4d/file.html"
        }
    ]
}