{
    "result": [
        {
            "channelid": "https://m.youtube.com/channel/UC7SqbIAIV07i0PCUw3TMfDw",
            "dec": "The Original recording of the song that launched Claire dela Fuente's career!!! ********* Sayang Ngayon lang tayo nagkatagpo, ...",
            "img": "https://i.ytimg.com/vi/QpNUN-a23fo/hqdefault.jpg",
            "title": "&quot;Sayang&quot; (Original Recording) - Claire dela Fuente",
            "upload": "Claire Dela Fuente",
            "videoid": "https://youtu.be/QpNUN-a23fo"
        },
        {
            "channelid": "https://m.youtube.com/channel/UCr7NfHGyhulgE973mqeq5xA",
            "dec": "Hi Everyone..! This is my first music video..\"SAYANG\" taken from the album \"SHAE The First\" ..smile :) - SHAE-",
            "img": "https://i.ytimg.com/vi/A9LRYN6ta8E/hqdefault.jpg",
            "title": "SHAE - &quot;Sayang&quot; (Official Video)",
            "upload": "ShaeMusicChannel",
            "videoid": "https://youtu.be/A9LRYN6ta8E"
        },
        {
            "channelid": "https://m.youtube.com/channel/UC_YR-QPyb4SovoAPAfnkTsg",
            "dec": "Performed by : Via Vallen Original Song Title : Miraie Composed by : Chiharu Tamashiro Arrangement : Capoenk / Arthur / Cepi ...",
            "img": "https://i.ytimg.com/vi/UtjFu8c_goE/hqdefault.jpg",
            "title": "Via Vallen - Sayang (Official Music Video)",
            "upload": "ascadamusik",
            "videoid": "https://youtu.be/UtjFu8c_goE"
        },
        {
            "channelid": "https://m.youtube.com/channel/UCebb7o98FEA73WjNsCja5Xg",
            "dec": "Gamma1 - Sayang | Official Music Video Lagu hits Gamma 1seperti Bapakku Dokter Cinta, 7 Samudera, Bukan Cinta 1 Atau 2, ...",
            "img": "https://i.ytimg.com/vi/eiPye4MhCx0/hqdefault.jpg",
            "title": "Gamma1 - Sayang | Official Music Video",
            "upload": "Trinity Optima Production",
            "videoid": "https://youtu.be/eiPye4MhCx0"
        },
        {
            "channelid": "https://m.youtube.com/channel/UCaR-rEbQaeYyc-H8eo-wppg",
            "dec": "Parokya Ni Edgar - Sayang (Lyrics) Parokya Ni Edgar: https://m.facebook.com/ParokyaNiEdgarPH/ ...",
            "img": "https://i.ytimg.com/vi/4xRczRLAvTM/hqdefault.jpg",
            "title": "Parokya Ni Edgar - Sayang (Lyrics)",
            "upload": "Lyrics Avenue",
            "videoid": "https://youtu.be/4xRczRLAvTM"
        },
        {
            "channelid": "https://m.youtube.com/channel/UCIjPISm1lDd9N4f9nV4LKZw",
            "dec": "Official Music Video from Fira Cantika & Nabila Ft. Bajol Ndanu 'Sayang' Subscribe to Bajol Ndanu Management here: ...",
            "img": "https://i.ytimg.com/vi/ae9zfJtQgtI/hqdefault.jpg",
            "title": "Fira Cantika &amp; Nabila Ft. Bajol Ndanu - Sayang (Official Music Video) | KENTRUNG",
            "upload": "BAJOL NDANU MANAGEMENT",
            "videoid": "https://youtu.be/ae9zfJtQgtI"
        },
        {
            "channelid": "https://m.youtube.com/channel/UCrmgXElfpFPD9LDc_0aUfew",
            "dec": "Seperti tahun-tahun sebelumnya, “Indonesian Choice Awards 5.0 NET.” juga akan bertabur bintang-bintang dari dalam dan luar ...",
            "img": "https://i.ytimg.com/vi/9VVrd-PRpzw/hqdefault.jpg",
            "title": "Via Vallen - Sayang - Indonesian Choice Awards 5.0 NET",
            "upload": "Netmediatama",
            "videoid": "https://youtu.be/9VVrd-PRpzw"
        },
        {
            "channelid": "https://m.youtube.com/channel/UCgj4EUiasyUH1SIcLTehahw",
            "dec": "SayangClairedelaFuente #Sayanglyrics #PureOPMlyrics.",
            "img": "https://i.ytimg.com/vi/jk56G-fnVJw/hqdefault.jpg",
            "title": "Sayang (lyrics) Claire dela Fuente - Pure OPM lyrics",
            "upload": "Pure OPM Lyrics",
            "videoid": "https://youtu.be/jk56G-fnVJw"
        },
        {
            "channelid": "https://m.youtube.com/channel/UCUw-GOhbsSL8Fozjrvg9T2g",
            "dec": "Clarita \"Claire\" Crisostomo dela Fuente-de Guzman (December 28, 1958 – March 30, 2021) was a Filipino singer. She achieved ...",
            "img": "https://i.ytimg.com/vi/DnHPpqwSeqo/hqdefault.jpg",
            "title": "Sayang - Claire Dela Fuente | Karaoke",
            "upload": "ConesSTUDIO",
            "videoid": "https://youtu.be/DnHPpqwSeqo"
        },
        {
            "channelid": "https://m.youtube.com/channel/UCt_dub-qSDK3SH-WccE_FkQ",
            "dec": "Artist : Jihan Audy ft Mamnun Song Title : Sayang Songwriter : Heri Gamma1 Videographer : Team K Label : Gita Suara Music ...",
            "img": "https://i.ytimg.com/vi/OYEJBzDpA94/hqdefault.jpg",
            "title": "Dj Remix Sayang (Aku Kecapean Seharian Cari Uang)- Jihan Audy ft Mamnun I Official Music Video",
            "upload": "Gita Suara Music",
            "videoid": "https://youtu.be/OYEJBzDpA94"
        },
        {
            "channelid": "https://m.youtube.com/channel/UCMQd4DbAa5ITi0yTmnpbYrw",
            "dec": "Provided to YouTube by Believe SAS Sayang · Parokya Ni Edgar · Chito Miranda · Chito Miranda Buruguduystunstugudunstuy ...",
            "img": "https://i.ytimg.com/vi/hEZ8gZhGqFY/hqdefault.jpg",
            "title": "Sayang",
            "upload": "Parokya ni Edgar - Topic",
            "videoid": "https://youtu.be/hEZ8gZhGqFY"
        },
        {
            "channelid": "https://m.youtube.com/channel/UC5U7vlz_vPo4kwJbSRuNjpA",
            "dec": "Single terbaru dari Pasto berjudul \"Sayang\", siap untuk masuk playlist best Pop kamu! Dengarkan di streaming platform favoritmu ...",
            "img": "https://i.ytimg.com/vi/MmGjQTl1aXM/hqdefault.jpg",
            "title": "Pasto - Sayang (Official Music Video) | Soundtrack Dari Jendela SMP",
            "upload": "Pelangi Records",
            "videoid": "https://youtu.be/MmGjQTl1aXM"
        },
        {
            "channelid": "https://m.youtube.com/channel/UCMQd4DbAa5ITi0yTmnpbYrw",
            "dec": "Provided to YouTube by Believe SAS Sayang · Parokya Ni Edgar · Chito Miranda · Chito Miranda Inuman Sessions, Vol.",
            "img": "https://i.ytimg.com/vi/SkAkN8gsrYs/hqdefault.jpg",
            "title": "Sayang",
            "upload": "Parokya ni Edgar - Topic",
            "videoid": "https://youtu.be/SkAkN8gsrYs"
        },
        {
            "channelid": "https://m.youtube.com/channel/UCz4NoVHd4hq_lXooWvPCsOw",
            "dec": "MAKE VOLUNTEERING A LIFESTYLE: https://store.iamfaithmen.com Listen on Spotify: http://bit.ly/FTSpotify JOIN THE ...",
            "img": "https://i.ytimg.com/vi/omCGAzGKXK0/hqdefault.jpg",
            "title": "Faizal Tahir - Sayang (Official Music Video)",
            "upload": "Faizal Tahir",
            "videoid": "https://youtu.be/omCGAzGKXK0"
        },
        {
            "channelid": "https://m.youtube.com/channel/UCebb7o98FEA73WjNsCja5Xg",
            "dec": "UNGU - Sayang | Official Video Clip. Lagu UNGU lainnya: http://bit.ly/TOPYTsubs | https://youtu.be/XBbYGAWuRyQ Album ...",
            "img": "https://i.ytimg.com/vi/IA6KE9hRvrc/hqdefault.jpg",
            "title": "UNGU - Sayang | Official Video Clip",
            "upload": "Trinity Optima Production",
            "videoid": "https://youtu.be/IA6KE9hRvrc"
        },
        {
            "channelid": "https://m.youtube.com/channel/UCq_cbl6PLOqJNSV1Y8dVQaQ",
            "dec": "Official Music Video from Esa Risty feat Wandra 'Sayang Sayang' | Music One Subscribe to ONE NADA Record official channel: ...",
            "img": "https://i.ytimg.com/vi/BEsMTp-_UV4/hqdefault.jpg",
            "title": "Esa Risty feat Wandra - Sayang Sayang | MUSIC ONE (Official Music Video)",
            "upload": "ONE NADA Record Official",
            "videoid": "https://youtu.be/BEsMTp-_UV4"
        },
        {
            "channelid": "https://m.youtube.com/channel/UCH1C9rrPaVGlaeeAdhCxqjQ",
            "dec": "Now Haqiem Rusli coming with his new single, Sayang. Please share this video and not to download, or re-upload. Available on ...",
            "img": "https://i.ytimg.com/vi/2nwLBnzhwJQ/hqdefault.jpg",
            "title": "Haqiem Rusli - Sayang ( Official Music Video )",
            "upload": "FMC Music",
            "videoid": "https://youtu.be/2nwLBnzhwJQ"
        },
        {
            "channelid": "https://m.youtube.com/channel/UC7ON3GkNMEZ7MXshRQqWHrA",
            "dec": "Official Music Video by SUPERNOVA Official Music Video SUPERNOVA performing the song SAYANG Lagu Sayang tersedia di ...",
            "img": "https://i.ytimg.com/vi/TrMaaE4227w/hqdefault.jpg",
            "title": "Supernova - Sayang (Official Music Video)",
            "upload": "supernovaindonesia",
            "videoid": "https://youtu.be/TrMaaE4227w"
        },
        {
            "channelid": "https://m.youtube.com/channel/UClZVCkVS5EDIWTjA_m5afKQ",
            "dec": "Comedy - Tragedy - Romance.",
            "img": "https://i.ytimg.com/vi/901zxlO5VBE/hqdefault.jpg",
            "title": "Sayang Full Episode| Mizo Love Story| Ziaktu Aaron Malsawmdawngzuala",
            "upload": "Thawnthu Lawrkhawm",
            "videoid": "https://youtu.be/901zxlO5VBE"
        },
        {
            "channelid": "https://m.youtube.com/channel/UCTP7f8k1Q41npeCxo51HgKg",
            "dec": "",
            "img": "https://i.ytimg.com/vi/eewy4m3BHtA/hqdefault.jpg",
            "title": "Sayang Medley -Shanelle Ashoeri",
            "upload": "gilbert samidin Shawns_Media",
            "videoid": "https://youtu.be/eewy4m3BHtA"
        },
        {
            "channelid": "https://m.youtube.com/channel/UCIYnMS3cYRNl5-z25Kwy7AQ",
            "dec": "Nella Kharisma - Sayang [OFFICIAL] https://youtu.be/HirGvtZiBrA Title : SAYANG Artist : NELLA KHARISMA Songwriter : ANTON ...",
            "img": "https://i.ytimg.com/vi/HirGvtZiBrA/hqdefault.jpg",
            "title": "Nella Kharisma - Sayang [OFFICIAL]",
            "upload": "DD STAR Record",
            "videoid": "https://youtu.be/HirGvtZiBrA"
        },
        {
            "channelid": "https://m.youtube.com/channel/UCh7vTyS7oo_TZj2ZY3eufqg",
            "dec": "Yang mau request lagu silahkan DM gua di instagram maaf kalau belum profesional atau masih ada tulisan sponsornya.",
            "img": "https://i.ytimg.com/vi/ACIrIKKARxc/hqdefault.jpg",
            "title": "Lirik Lagu NDX aka Sayang",
            "upload": "PBIP Channel",
            "videoid": "https://youtu.be/ACIrIKKARxc"
        },
        {
            "channelid": "https://m.youtube.com/channel/UCQDYbPlWvSLZfCjuZbzK95A",
            "dec": "Terimakasih kepada kalian yang sudah membantu kami membangun channel GMusic Entertainment sampai ke titik ini.",
            "img": "https://i.ytimg.com/vi/81wbexmUVls/hqdefault.jpg",
            "title": "Via Vallen - Sayang KOPLO (Karaoke) | GMusic",
            "upload": "GMusic Entertainment",
            "videoid": "https://youtu.be/81wbexmUVls"
        },
        {
            "channelid": "https://m.youtube.com/channel/UCaPwSXblS8F0owlKHGc6huw",
            "dec": "Thank you so much for always supporting CoversPH! Please subscribe to CoversPH: http://youtube.com/CoversPH Also please, ...",
            "img": "https://i.ytimg.com/vi/g-iC_4LMcqI/hqdefault.jpg",
            "title": "SAYANG NA SAYANG - Aegis (KARAOKE VERSION)",
            "upload": "CoversPH",
            "videoid": "https://youtu.be/g-iC_4LMcqI"
        },
        {
            "channelid": "https://m.youtube.com/channel/UCU-VJT0VIPVr5JsMdRHU9EA",
            "dec": "TERIMA KASIH TELAH MENONTON VIDEO INI   JANGAN LUPA LIKE COMENT SUBSCRIBER SOURCE VIDEO : BTR MUTE ...",
            "img": "https://i.ytimg.com/vi/IeET_wvyo9g/hqdefault.jpg",
            "title": "MUTE MARAH UHIGH SAYANG&quot; AN!!! MUTE NINGGALIN UHIGH KOCAK",
            "upload": "SuGensa Art",
            "videoid": "https://youtu.be/IeET_wvyo9g"
        },
        {
            "channelid": "https://m.youtube.com/channel/UCTP7f8k1Q41npeCxo51HgKg",
            "dec": "",
            "img": "https://i.ytimg.com/vi/ytgjsP0UC4Y/hqdefault.jpg",
            "title": "Sayang - Sammy Jabin",
            "upload": "gilbert samidin Shawns_Media",
            "videoid": "https://youtu.be/ytgjsP0UC4Y"
        },
        {
            "channelid": "https://m.youtube.com/channel/UCq6byB521SOTBAjCht5SGUw",
            "dec": "Official Music Video Lagu Terbaru Rheka Restu - Cinta Untukmu Sayang Music Credits: Title: Cinta Untukmu Sayang Artist: ...",
            "img": "https://i.ytimg.com/vi/6gvUY8TDaUw/hqdefault.jpg",
            "title": "Rheka Restu - Cinta Untukmu Sayang (Official Music Video) Nadi Musik",
            "upload": "NADI musik digital",
            "videoid": "https://youtu.be/6gvUY8TDaUw"
        },
        {
            "channelid": "https://m.youtube.com/channel/UCbhFOrdH47yEe-aKE_8zWGg",
            "dec": "The official music video of Myrus' cover of the hit song \"Sayang\" by Claire dela Fuente.",
            "img": "https://i.ytimg.com/vi/dXyC1suz-_o/hqdefault.jpg",
            "title": "SAYANG by Myrus (Official Music Video)",
            "upload": "Insight 360",
            "videoid": "https://youtu.be/dXyC1suz-_o"
        },
        {
            "channelid": "https://m.youtube.com/channel/UC5U7vlz_vPo4kwJbSRuNjpA",
            "dec": "Dengerin di music streaming favoritmu https://almamargana.lnk.to/Sayang Ingat Like, Comment, & Subscribe ya ...",
            "img": "https://i.ytimg.com/vi/EahstdFRTJM/hqdefault.jpg",
            "title": "Alma Margana - Sayang (Official Music Video) | OST. Dari Jendela SMP",
            "upload": "Pelangi Records",
            "videoid": "https://youtu.be/EahstdFRTJM"
        },
        {
            "channelid": "https://m.youtube.com/channel/UCj8MrQPTFj08bCg_G0WLFVg",
            "dec": "KaraokeHits #KaraokeCovers #KaraokeVersions By Claire Dela Fuente OPM Please check out these playlists of our karaoke ...",
            "img": "https://i.ytimg.com/vi/eqAlVY2wZxo/hqdefault.jpg",
            "title": "Sayang - Claire Dela Fuente (KARAOKE VERSION)",
            "upload": "Pinoy Videoke Tambayan",
            "videoid": "https://youtu.be/eqAlVY2wZxo"
        },
        {
            "channelid": "https://m.youtube.com/channel/UC3JYYBKsQhucmqfgIIFlOaA",
            "dec": "ib : semua.",
            "img": "https://i.ytimg.com/vi/EojIlwbGYjg/hqdefault.jpg",
            "title": "Pov : Aku sayang papa !!",
            "upload": "- Tika Chanz !",
            "videoid": "https://youtu.be/EojIlwbGYjg"
        },
        {
            "channelid": "https://m.youtube.com/channel/UCmzmf5q3bN_wnRhkvSBWx1A",
            "dec": "near - karna su sayang ft Dian Sorowea [ official lyric video ] terimakasih untuk supportnya .",
            "img": "https://i.ytimg.com/vi/A8wGcIBz9iA/hqdefault.jpg",
            "title": "near - karna su sayang  ft Dian Sorowea [ official lyric video ]",
            "upload": "fenomenear",
            "videoid": "https://youtu.be/A8wGcIBz9iA"
        },
        {
            "channelid": "https://m.youtube.com/channel/UChC0WdpcPRGVa7eGVp6lv1A",
            "dec": "Titel : SAYANG SAYANG Artist : MIKKOLAS feat JIHAN AUDY Songwriter : HADI Mixing Mastering : DINDY KALIZZAKA Lokasi ...",
            "img": "https://i.ytimg.com/vi/XsW_f60X_oE/hqdefault.jpg",
            "title": "JIHAN AUDY feat MIKKOLAS - SAYANG SAYANG (Official Music Video)",
            "upload": "Mikkolas Official",
            "videoid": "https://youtu.be/XsW_f60X_oE"
        },
        {
            "channelid": "https://m.youtube.com/channel/UCwSMWmsiusuU7IVIqgyNruw",
            "dec": "Artist : The Miska Song : Mencintai Kamu Official video : https://youtu.be/blle0jpgZHc Lyrics Mencintai kamu Seumur hidupku ...",
            "img": "https://i.ytimg.com/vi/3MBk15dG8pM/hqdefault.jpg",
            "title": "Mencintai Kamu - The Miska -(แปลไทย) #kusungguhsungguhsayangsayangkepadamu",
            "upload": "Nur Zayn",
            "videoid": "https://youtu.be/3MBk15dG8pM"
        },
        {
            "channelid": "https://m.youtube.com/channel/UCmB1_agPlXbbwTCPKEuwEKA",
            "dec": "Title: Benci Kusangka Sayang Artist: Yeni Inka Songwriter: Faisal Asahan Follow juga kita disini yuk : Tiktok ...",
            "img": "https://i.ytimg.com/vi/qXGT9XqI3Uo/hqdefault.jpg",
            "title": "Yeni Inka - Benci Kusangka Sayang (Official Music Video ANEKA SAFARI)",
            "upload": "Aneka Safari Records",
            "videoid": "https://youtu.be/qXGT9XqI3Uo"
        },
        {
            "channelid": "https://m.youtube.com/channel/UCRP0Kqu3sP3khsT4XtJ0UXw",
            "dec": "Pasto - Sayang OST Dari Jendela SMP Lirik : Aku takkan pernah berhenti Mencintaimu sampai aku mati Aku akan selalu setia ...",
            "img": "https://i.ytimg.com/vi/CVC_jqh5X7g/hqdefault.jpg",
            "title": "Pasto - Sayang (Lyrics) | OST Dari Jendela SMP",
            "upload": "Naisyilla Mafaza",
            "videoid": "https://youtu.be/CVC_jqh5X7g"
        },
        {
            "channelid": "https://m.youtube.com/channel/UCT8rT8jwaDl1YPGTLEv-vkg",
            "dec": "Via Vallen - Sayang | Lirik Lagu Semoga Kalian suka, jangan lupa like, komen dan subscribe ! Thanks For Watching, See You on ...",
            "img": "https://i.ytimg.com/vi/iOLHyIiOSok/hqdefault.jpg",
            "title": "Via Vallen - Sayang | Lirik Lagu 2019",
            "upload": "Lirik Lagu",
            "videoid": "https://youtu.be/iOLHyIiOSok"
        },
        {
            "channelid": "https://m.youtube.com/channel/UCIYnMS3cYRNl5-z25Kwy7AQ",
            "dec": "Nella Kharisma - Sayang 2 [OFFICIAL] https://www.youtube.com/watch?v=4WDd2TKC8qg Title : Sayang 2 Artist : Nella Kharisma ...",
            "img": "https://i.ytimg.com/vi/4WDd2TKC8qg/hqdefault.jpg",
            "title": "Nella Kharisma - Sayang 2 [OFFICIAL]",
            "upload": "DD STAR Record",
            "videoid": "https://youtu.be/4WDd2TKC8qg"
        },
        {
            "channelid": "https://m.youtube.com/channel/UCmB1_agPlXbbwTCPKEuwEKA",
            "dec": "Title: Sayang Sayang Artist: Yeni Inka Songwriter: Mas Hadi Follow juga kita disini yuk : Tiktok ♪ : https://vt.tiktok.com/ZSJPrxkaG ...",
            "img": "https://i.ytimg.com/vi/BjAehlVpetc/hqdefault.jpg",
            "title": "Yeni Inka - Sayang Sayang (Official Music Video ANEKA SAFARI) | ft. Yayan Jandhut",
            "upload": "Aneka Safari Records",
            "videoid": "https://youtu.be/BjAehlVpetc"
        },
        {
            "channelid": "https://m.youtube.com/channel/UCHdk_PjGZIogDEs3D-WEI6A",
            "dec": "",
            "img": "https://i.ytimg.com/vi/KysO9Huvc4U/hqdefault.jpg",
            "title": "Kasih sayang saudara yg paling tulus",
            "upload": "Vilia Carl",
            "videoid": "https://youtu.be/KysO9Huvc4U"
        },
        {
            "channelid": "https://m.youtube.com/channel/UCFwavVIIx_wh7W4167e_SBg",
            "dec": "JukeBOX Queen Claire dela Fuente, TimeLESS OPM Hits Asia's Sweetest Voice / Queen of Tagalog Songs SUBSCRIBE ...",
            "img": "https://i.ytimg.com/vi/AasbJqdRYAU/hqdefault.jpg",
            "title": "JukeBOX Queen Claire dela Fuente its Asia&#39;s Sweetest Voice POPM",
            "upload": "Puro OPM",
            "videoid": "https://youtu.be/AasbJqdRYAU"
        },
        {
            "channelid": "https://m.youtube.com/channel/UC4IhbSCd6KMcexNFhobW8_A",
            "dec": "",
            "img": "https://i.ytimg.com/vi/cRsgBKNwQs0/hqdefault.jpg",
            "title": "SAYANG! BEATRICE FINAL Q&amp;A TOP 5 MISS UNIVERSE PHILIPPINES 2021 PROUD PARIN ANG PINOY SAYO CONGRATS",
            "upload": "CHECK VIDZ OUT",
            "videoid": "https://youtu.be/cRsgBKNwQs0"
        },
        {
            "channelid": "https://m.youtube.com/channel/UCKVs-YQqAov8hqFP7HAw_Ew",
            "dec": "AY CINEMA. Saya dedikasikan buat orang yg putus cinta tapi masih cinta.",
            "img": "https://i.ytimg.com/vi/ZMG7i9zjfeI/hqdefault.jpg",
            "title": "supernova-sayang",
            "upload": "Anang Mochtar Junaidi",
            "videoid": "https://youtu.be/ZMG7i9zjfeI"
        },
        {
            "channelid": "https://m.youtube.com/channel/UCZzs8uv2JbAJhSCwtQ3F4jg",
            "dec": "nctzen #nctdream.",
            "img": "https://i.ytimg.com/vi/2JrbLQH8qVs/hqdefault.jpg",
            "title": "sayang sih sayang tapi kasian adek #jisung nya jen😂😆makanya #haechan gk berani jailin #jeno #nct",
            "upload": "Biyubiyu127",
            "videoid": "https://youtu.be/2JrbLQH8qVs"
        },
        {
            "channelid": "https://m.youtube.com/channel/UCI1Q4A6_8GaczvwFzu3Yw7Q",
            "dec": "Berhadapan dengan orang yang cuek itu kadang memang bikin kesal. Apalagi kalau yang cuek itu adalah pasangan kita sendiri, ...",
            "img": "https://i.ytimg.com/vi/BCu1Z3RQWPc/hqdefault.jpg",
            "title": "5 Tanda Cowok Cuek Tapi Sebenarnya Sayang Padamu",
            "upload": "Rumus Cinta",
            "videoid": "https://youtu.be/BCu1Z3RQWPc"
        },
        {
            "channelid": "https://m.youtube.com/channel/UC_2uZkbNNNVXySg4LhdlnBg",
            "dec": "hi guys bantu subscribe hingga 5K subscriber thank you  ❤️‍",
            "img": "https://i.ytimg.com/vi/QZa7V3tI67I/hqdefault.jpg",
            "title": "RAHIM PANGGIL SAYANG ?? RAHIM BERCUTI DENGAN GIRLFRIEND BARU KAT PANTAI 😱😱😱😱😱😱😱",
            "upload": "Rahim Hakems",
            "videoid": "https://youtu.be/QZa7V3tI67I"
        },
        {
            "channelid": "https://m.youtube.com/channel/UC-E0rgGTJ2ThzUa5FwfPdyg",
            "dec": "Chanel ke 2 : ASMR Baby Richie https://youtube.com/channel/UCXAS3NIuwkj7-pbnY5T8zqA Grup Telegram ...",
            "img": "https://i.ytimg.com/vi/hdcCR31Tvvw/hqdefault.jpg",
            "title": "Pliss Aku Mohon Jangan Tinggalin Aku Sayang || ASMR HUSBAND || ASMR COWOK || Session 2, Ep 5",
            "upload": "ASMR COWOK RICHIE",
            "videoid": "https://youtu.be/hdcCR31Tvvw"
        },
        {
            "channelid": "https://m.youtube.com/channel/UCK56nM95ckei_lxqcVcTzkA",
            "dec": "Bang Butar Butar pelangi selalu menginspirasi kita untuk lebih baik lagi banyak pelajaran yg bisa kita dapat dari bang Butar butar ...",
            "img": "https://i.ytimg.com/vi/Gz-PhD9oGJM/hqdefault.jpg",
            "title": "Bang Butar butar..‼️Selalu sayang dan hemat dengan barang yang dimilikinya",
            "upload": "Muslim78 Channel",
            "videoid": "https://youtu.be/Gz-PhD9oGJM"
        },
        {
            "channelid": "https://m.youtube.com/channel/UCquIzvgQ4PxPDZqFXhuT_gw",
            "dec": "Jom dengar kat telefon anda melalui cara-cara tersebut: AppleMusic/iTunes: http://apple.co/2wD9qcG JOOX: ...",
            "img": "https://i.ytimg.com/vi/qshxLT_-3mQ/hqdefault.jpg",
            "title": "Syafiq Farhain - Sayang Maafkan Aku [Official Lyrics Video]",
            "upload": "MVM MUSIC",
            "videoid": "https://youtu.be/qshxLT_-3mQ"
        },
        {
            "channelid": "https://m.youtube.com/channel/UC3jDEQ14ldhDA9x0JrSjXeA",
            "dec": "Title : Sayang 3 - - Songwriter : Antok Ilham W Nada dasar : F minor. Selamat berkaraoke semoga terhibur. Jangan lupa like,share ...",
            "img": "https://i.ytimg.com/vi/pChAoXe42rE/hqdefault.jpg",
            "title": "SAYANG 3 - NELLA KARISMA [KARAOKE LIRIK] KOPLO VERSION",
            "upload": "Rian N KEY",
            "videoid": "https://youtu.be/pChAoXe42rE"
        }
    ]
}