{
 "Sukses":"Ok",
 "result": [
   {
    "Links": "https://anime.thehylia.com/soundtracks/album/a-channel-smile-ed-insert-songs/01%2520-%2520Taisetsu%2520na%2520Basho.mp3",
    "Juduls": "Taisetsu na Basho"
   },
   {
    "Links": "https://anime.thehylia.com/soundtracks/album/a-channel-smile-ed-insert-songs/02%2520-%2520HAPPY%2520NEW%2520DAYS.mp3",
    "Juduls": "HAPPY NEW DAYS"
   },
   {
    "Links": "https://anime.thehylia.com/soundtracks/album/a-channel-smile-ed-insert-songs/03%2520-%2520Smile%2520Houteishiki%2520-Full%2520size-.mp3",
    "Juduls": "Smile Houteishiki -Full size-"
   },
   {
    "Links": "https://anime.thehylia.com/soundtracks/album/a-channel-smile-ed-insert-songs/04%2520-%2520Smile%2520Houteishiki%2520-TV%2520size-.mp3",
    "Juduls": "Smile Houteishiki -TV size-"
   },
   {
    "Links": "https://anime.thehylia.com/soundtracks/album/a-channel-smile-ed-insert-songs/05%2520-%2520Taisetsu%2520na%2520Basho%2520-Instrumental-.mp3",
    "Juduls": "Taisetsu na Basho -Instrumental-"
   },
   {
    "Links": "https://anime.thehylia.com/soundtracks/album/a-channel-smile-ed-insert-songs/06%2520-%2520HAPPY%2520NEW%2520DAYS%2520-Instrumental-.mp3",
    "Juduls": "HAPPY NEW DAYS -Instrumental-"
   },
   {
    "Links": "https://anime.thehylia.com/soundtracks/album/a-channel-smile-ed-insert-songs/07%2520-%2520Smile%2520Houteishiki%2520-Instrumental-.mp3",
    "Juduls": "Smile Houteishiki -Instrumental-"
   },
   {
    "Links": "https://anime.thehylia.com/soundtracks/album/a-channel-smile-op-balloon-theatre-marina-kawano/01%2520-%2520Balloon%2520Theatre.mp3",
    "Juduls": "Balloon Theatre"
   },
   {
    "Links": "https://anime.thehylia.com/soundtracks/album/a-channel-smile-op-balloon-theatre-marina-kawano/02%2520-%2520Balloon%2520Theatre%2520-TV%2520size-.mp3",
    "Juduls": "Balloon Theatre -TV size-"
   },
   {
    "Links": "https://anime.thehylia.com/soundtracks/album/a-channel-smile-op-balloon-theatre-marina-kawano/03%2520-%2520Balloon%2520Theatre%2520-Instrumental-.mp3",
    "Juduls": "Balloon Theatre -Instrumental-"
   },
   {
    "Juduls": "Gyutto Shite Hoshiinda",
    "Links": "https://anime.thehylia.com/soundtracks/album/a-channel-2-limited-edition-bonus-cd/01%2520Gyutto%2520Shite%2520Hoshiinda.mp3"
   },
   {
    "Links": "https://anime.thehylia.com/soundtracks/album/a-channel-2-limited-edition-bonus-cd/02%2520summer%2520dream%2520syndrome.mp3",
    "Juduls": "summer dream syndrome"
   },
   {
    "Links": "https://anime.thehylia.com/soundtracks/album/a-channel-2-limited-edition-bonus-cd/03%2520Gyutto%2520Shite%2520Hoshiinda%2520%2528Instrumental%2529.mp3",
    "Juduls": "Gyutto Shite Hoshiinda (Instrumental)"
   },
   {
    "Links": "https://anime.thehylia.com/soundtracks/album/a-channel-2-limited-edition-bonus-cd/04%2520summer%2520dream%2520syndrome%2520%2528Instrumental%2529.mp3",
    "Juduls": "summer dream syndrome (Instrumental)"
   },
   {
    "Links": "https://anime.thehylia.com/soundtracks/album/a-channel-3-limited-edition-bonus-cd/01%2520Mermaid%2520Sisters.mp3",
    "Juduls": "Mermaid Sisters"
   },
   {
    "Links": "https://anime.thehylia.com/soundtracks/album/a-channel-3-limited-edition-bonus-cd/02%2520Tanken%2520no%2520Susume.mp3",
    "Juduls": "Tanken no Susume"
   },
   {
    "Links": "https://anime.thehylia.com/soundtracks/album/a-channel-3-limited-edition-bonus-cd/03%2520Mermaid%2520Sisters...Instrumental.mp3",
    "Juduls": "Mermaid Sisters...Instrumental"
   },
   {
    "Links": "https://anime.thehylia.com/soundtracks/album/a-channel-3-limited-edition-bonus-cd/04%2520Tanken%2520no%2520Susume...Instrumental.mp3",
    "Juduls": "Tanken no Susume...Instrumental"
   },
   {
    "Links": "https://anime.thehylia.com/soundtracks/album/a-channel-4-limited-edition-cd/01%2520Summer%2520breeze.mp3",
    "Juduls": "Summer breeze"
   },
   {
    "Links": "https://anime.thehylia.com/soundtracks/album/a-channel-4-limited-edition-cd/02%2520Ocha%2520Melodical%2520Beauty%2520Banban.mp3",
    "Juduls": "Ocha Melodical Beauty Banban"
   },
   {
    "Links": "https://anime.thehylia.com/soundtracks/album/a-channel-4-limited-edition-cd/03%2520Koi%2520Ichiya%2520Yume%2520Ichiya.mp3",
    "Juduls": "Koi Ichiya Yume Ichiya"
   },
   {
    "Links": "https://anime.thehylia.com/soundtracks/album/a-channel-4-limited-edition-cd/04%2520Tomodachi.mp3",
    "Juduls": "Tomodachi"
   },
   {
    "Links": "https://anime.thehylia.com/soundtracks/album/a-channel-4-limited-edition-cd/05%2520Kimi%2520no%2520Te.mp3",
    "Juduls": "Kimi no Te"
   },
   {
    "Links": "https://anime.thehylia.com/soundtracks/album/a-channel-4-limited-edition-cd/06%2520Tsubasa%2520wa%2520Nai%2520Kedo.mp3",
    "Juduls": "Tsubasa wa Nai Kedo"
   },
   {
    "Links": "https://anime.thehylia.com/soundtracks/album/a-channel-4-limited-edition-cd/07%2520Summer%2520breeze%2520%2528Instrumental%2529.mp3",
    "Juduls": "Summer breeze (Instrumental)"
   },
   {
    "Links": "https://anime.thehylia.com/soundtracks/album/a-channel-4-limited-edition-cd/08%2520Ocha%2520Melodical%2520Beauty%2520Banban%2520%2528Instrumental%2529.mp3",
    "Juduls": "Ocha Melodical Beauty Banban\u200b(Instrumental)"
   },
   {
    "Links": "https://anime.thehylia.com/soundtracks/album/a-channel-4-limited-edition-cd/09%2520Koi%2520Ichiya%2520Yume%2520Ichiya%2520%2528Instrumental%2529.mp3",
    "Juduls": "Koi Ichiya Yume Ichiya (Instrumental)"
   },
   {
    "Links": "https://anime.thehylia.com/soundtracks/album/a-channel-4-limited-edition-cd/10%2520Tomodachi%2520%2528Instrumental%2529.mp3",
    "Juduls": "Tomodachi (Instrumental)"
   },
   {
    "Links": "https://anime.thehylia.com/soundtracks/album/a-channel-4-limited-edition-cd/11%2520Kimi%2520no%2520Te%2520%2528Instrumental%2529.mp3",
    "Juduls": "Kimi no Te (Instrumental)"
   },
   {
    "Links": "https://anime.thehylia.com/soundtracks/album/a-channel-4-limited-edition-cd/12%2520Tsubasa%2520wa%2520Nai%2520Kedo%2520%2528Instrumental%2529.mp3",
    "Juduls": "Tsubasa wa Nai Kedo (Instrumental)"
   },
   {
    "Links": "https://anime.thehylia.com/soundtracks/album/a-channel-5-limited-edition-cd/01%2520Okashi%2520na%2520Jikan.mp3",
    "Juduls": "Okashi na Jikan"
   },
   {
    "Links": "https://anime.thehylia.com/soundtracks/album/a-channel-5-limited-edition-cd/02%2520Happy%2520Snow.mp3",
    "Juduls": "Happy Snow"
   },
   {
    "Links": "https://anime.thehylia.com/soundtracks/album/a-channel-5-limited-edition-cd/03%2520Okashi%2520na%2520Jikan...%2528Instrumental%2529.mp3",
    "Juduls": "Okashi na Jikan...(Instrumental)"
   },
   {
    "Links": "https://anime.thehylia.com/soundtracks/album/a-channel-5-limited-edition-cd/04%2520Happy%2520Snow...%2528Instrumental%2529.mp3",
    "Juduls": "Happy Snow...(Instrumental)"
   },
   {
    "Links": "https://anime.thehylia.com/soundtracks/album/a-channel-6-limited-edition-cd/01%2520Kitto%2520Zutto%2520Motto.mp3",
    "Juduls": "Kitto Zutto Motto"
   },
   {
    "Links": "https://anime.thehylia.com/soundtracks/album/a-channel-6-limited-edition-cd/02%2520Mikakunin%2520Hikou%2520Girl.mp3",
    "Juduls": "Mikakunin Hikou Girl"
   },
   {
    "Links": "https://anime.thehylia.com/soundtracks/album/a-channel-6-limited-edition-cd/03%2520Kitto%2520Zutto%2520Motto%2520%2528Instrumental%2529.mp3",
    "Juduls": "Kitto Zutto Motto (Instrumental)"
   },
   {
    "Links": "https://anime.thehylia.com/soundtracks/album/a-channel-6-limited-edition-cd/04%2520Mikakunin%2520Hikou%2520Girl%2520%2528Instrumental%2529.mp3",
    "Juduls": "Mikakunin Hikou Girl (Instrumental)"
   }
 ]
}